model,threshold,params,train_time_sec,train_f1,train_roc_auc,train_log_loss,f1,roc_auc,log_loss
Model 0: Majority class baseline,,,,,,,0.0,0.5,0.6585279444319896
Model 0: Majority class baseline,,,,,,,0.0,0.5,0.6585279444319896
Model 1: cosine similarity,0.3500000000000001,,,,,,0.63113377147741,0.73442959225784,1.1061281457092904
Model 2 - XGBoost baseline,,"{'objective': 'binary:logistic', 'base_score': None, 'booster': None, 'callbacks': None, 'colsample_bylevel': None, 'colsample_bynode': None, 'colsample_bytree': None, 'device': None, 'early_stopping_rounds': None, 'enable_categorical': True, 'eval_metric': None, 'feature_types': None, 'feature_weights': None, 'gamma': None, 'grow_policy': None, 'importance_type': None, 'interaction_constraints': None, 'learning_rate': None, 'max_bin': None, 'max_cat_threshold': None, 'max_cat_to_onehot': None, 'max_delta_step': None, 'max_depth': None, 'max_leaves': None, 'min_child_weight': None, 'missing': nan, 'monotone_constraints': None, 'multi_strategy': None, 'n_estimators': None, 'n_jobs': None, 'num_parallel_tree': None, 'random_state': 42, 'reg_alpha': None, 'reg_lambda': None, 'sampling_method': None, 'scale_pos_weight': None, 'subsample': None, 'tree_method': None, 'validate_parameters': None, 'verbosity': None}",0.5167269706726074,0.7174153388767595,0.8549378139226704,0.4314707815647125,0.7009504602916736,0.837538379706826,0.4497517943382263
Model 2: XGBoost (Optuna-tuned),,"{'objective': 'binary:logistic', 'base_score': None, 'booster': None, 'callbacks': None, 'colsample_bylevel': None, 'colsample_bynode': None, 'colsample_bytree': 0.9926805157655891, 'device': None, 'early_stopping_rounds': None, 'enable_categorical': True, 'eval_metric': None, 'feature_types': None, 'feature_weights': None, 'gamma': None, 'grow_policy': None, 'importance_type': None, 'interaction_constraints': None, 'learning_rate': 0.0388220719987634, 'max_bin': None, 'max_cat_threshold': None, 'max_cat_to_onehot': None, 'max_delta_step': None, 'max_depth': 7, 'max_leaves': None, 'min_child_weight': None, 'missing': nan, 'monotone_constraints': None, 'multi_strategy': None, 'n_estimators': 378, 'n_jobs': None, 'num_parallel_tree': None, 'random_state': 42, 'reg_alpha': None, 'reg_lambda': None, 'sampling_method': None, 'scale_pos_weight': None, 'subsample': 0.9024313105086541, 'tree_method': None, 'validate_parameters': None, 'verbosity': None}",1.8263931274414062,0.7172487425044984,0.8532830678202794,0.4336704909801483,0.7045542725173211,0.839085179800424,0.44849061965942383
Model 0: Majority class baseline,,,,,,,0.0,0.5,0.6585279444319896
Model 1: cosine similarity,0.3500000000000001,,,,,,0.63113377147741,0.73442959225784,1.1061281457092904
Model 2 - XGBoost baseline,,"{'objective': 'binary:logistic', 'base_score': None, 'booster': None, 'callbacks': None, 'colsample_bylevel': None, 'colsample_bynode': None, 'colsample_bytree': None, 'device': None, 'early_stopping_rounds': None, 'enable_categorical': True, 'eval_metric': None, 'feature_types': None, 'feature_weights': None, 'gamma': None, 'grow_policy': None, 'importance_type': None, 'interaction_constraints': None, 'learning_rate': None, 'max_bin': None, 'max_cat_threshold': None, 'max_cat_to_onehot': None, 'max_delta_step': None, 'max_depth': None, 'max_leaves': None, 'min_child_weight': None, 'missing': nan, 'monotone_constraints': None, 'multi_strategy': None, 'n_estimators': None, 'n_jobs': None, 'num_parallel_tree': None, 'random_state': 42, 'reg_alpha': None, 'reg_lambda': None, 'sampling_method': None, 'scale_pos_weight': None, 'subsample': None, 'tree_method': None, 'validate_parameters': None, 'verbosity': None}",0.5650880336761475,0.7174153388767595,0.8549378139226704,0.4314707815647125,0.7009504602916736,0.837538379706826,0.4497517943382263
Model 2: XGBoost (Optuna-tuned),,"{'objective': 'binary:logistic', 'base_score': None, 'booster': None, 'callbacks': None, 'colsample_bylevel': None, 'colsample_bynode': None, 'colsample_bytree': 0.9928021028272725, 'device': None, 'early_stopping_rounds': None, 'enable_categorical': True, 'eval_metric': None, 'feature_types': None, 'feature_weights': None, 'gamma': None, 'grow_policy': None, 'importance_type': None, 'interaction_constraints': None, 'learning_rate': 0.05193751160284111, 'max_bin': None, 'max_cat_threshold': None, 'max_cat_to_onehot': None, 'max_delta_step': None, 'max_depth': 7, 'max_leaves': None, 'min_child_weight': None, 'missing': nan, 'monotone_constraints': None, 'multi_strategy': None, 'n_estimators': 454, 'n_jobs': None, 'num_parallel_tree': None, 'random_state': 42, 'reg_alpha': None, 'reg_lambda': None, 'sampling_method': None, 'scale_pos_weight': None, 'subsample': 0.8294678193741134, 'tree_method': None, 'validate_parameters': None, 'verbosity': None}",2.2301137447357178,0.7246490077315991,0.8629916610714112,0.4244825541973114,0.7023371382666691,0.8401056798095323,0.4473656117916107
